<?xml version="1.0" encoding="UTF-8"?>
<project-private xmlns="http://www.netbeans.org/ns/project-private/1">
    <editor-bookmarks xmlns="http://www.netbeans.org/ns/editor-bookmarks/2" lastBookmarkId="0"/>
    <open-files xmlns="http://www.netbeans.org/ns/projectui-open-files/2">
        <group>
            <file>file:/C:/Users/LENOVO/Documents/UTP/Utp%207/SISTEMAS%20DISTRIBUIDOS/SEMANA%2012/S12_berkeley/src/s12_berkeley/Server.java</file>
            <file>file:/C:/Users/LENOVO/Documents/UTP/Utp%207/SISTEMAS%20DISTRIBUIDOS/SEMANA%2012/S12_berkeley/src/s12_berkeley/Client.java</file>
            <file>file:/C:/Users/LENOVO/Documents/UTP/Utp%207/SISTEMAS%20DISTRIBUIDOS/SEMANA%2012/S12_berkeley/src/s12_berkeley/Simulation.java</file>
            <file>file:/C:/Users/LENOVO/Documents/UTP/Utp%207/SISTEMAS%20DISTRIBUIDOS/SEMANA%2012/S12_berkeley/src/s12_berkeley/SimulatorMonitor.java</file>
        </group>
    </open-files>
</project-private>
